{"stats":{"minecraft:picked_up":{"minecraft:stick":296,"minecraft:chain_command_block":2,"minecraft:redstone_block":1,"minecraft:chiseled_stone_bricks":3,"minecraft:gold_block":3,"minecraft:polished_blackstone_bricks":1,"minecraft:stone_button":2,"minecraft:acacia_boat":37,"minecraft:diamond_block":3,"minecraft:iron_axe":2,"minecraft:glass":3,"minecraft:command_block":3,"minecraft:acacia_planks":444,"minecraft:acacia_sign":21},"minecraft:custom":{"minecraft:time_since_rest":98195,"minecraft:sprint_one_cm":206846,"minecraft:damage_taken":2770,"minecraft:walk_one_cm":213827,"minecraft:drop":4,"minecraft:fly_one_cm":164570,"minecraft:crouch_one_cm":6891,"minecraft:play_one_minute":417514,"minecraft:deaths":3,"minecraft:sneak_time":5366,"minecraft:pot_flower":5,"minecraft:boat_one_cm":31582,"minecraft:jump":1328,"minecraft:leave_game":32,"minecraft:time_since_death":98170,"minecraft:fall_one_cm":31843},"minecraft:used":{"minecraft:chiseled_polished_blackstone":9,"minecraft:acacia_boat":209,"minecraft:glass":7,"minecraft:flower_pot":6,"minecraft:jack_o_lantern":2,"minecraft:end_stone_bricks":2,"minecraft:acacia_sign":60,"minecraft:command_block":54,"minecraft:heavy_weighted_pressure_plate":3,"minecraft:lantern":3,"minecraft:iron_block":2,"minecraft:stone_button":5,"minecraft:blackstone":205,"minecraft:chest":3,"minecraft:redstone_block":207,"minecraft:soul_lantern":13,"minecraft:crimson_sign":12,"minecraft:polished_blackstone_bricks":360,"minecraft:pink_concrete":19,"minecraft:polished_blackstone_pressure_plate":1,"minecraft:diamond_block":2,"minecraft:chain_command_block":82,"minecraft:gold_block":2,"minecraft:repeating_command_block":17,"minecraft:stone_pressure_plate":8,"minecraft:observer":8},"minecraft:dropped":{"minecraft:acacia_sign":1,"minecraft:acacia_boat":1,"minecraft:stone_button":1,"minecraft:iron_axe":1},"minecraft:mined":{"minecraft:acacia_wall_sign":4}},"DataVersion":2567}