{
  "mc_version": "1.16.1",
  "speedrunigt_version": "13.0.2+1.16.1",
  "category": "ANY",
  "run_type": "random_seed",
  "is_completed": false,
  "is_coop": false,
  "is_hardcore": false,
  "is_legacy_igt": false,
  "world_name": "Boat Breaking Practice",
  "date": 1679195324695,
  "retimed_igt": 20883353,
  "final_igt": 20883353,
  "final_rta": 4204334579,
  "open_lan": null,
  "timelines": [],
  "advancements": {
    "minecraft:adventure/adventuring_time": {
      "complete": false,
      "is_advancement": true,
      "criteria": {
        "minecraft:plains": {
          "igt": 0,
          "rta": 0
        }
      },
      "igt": 0,
      "rta": 0
    },
    "minecraft:recipes/building_blocks/end_stone_brick_slab": {
      "complete": true,
      "is_advancement": false,
      "criteria": {
        "has_end_stone_bricks": {
          "igt": 95333,
          "rta": 95359
        },
        "has_the_recipe": {
          "igt": 95333,
          "rta": 95359
        }
      },
      "igt": 95333,
      "rta": 95380
    },
    "minecraft:recipes/building_blocks/end_stone_brick_stairs": {
      "complete": true,
      "is_advancement": false,
      "criteria": {
        "has_end_stone_bricks": {
          "igt": 95333,
          "rta": 95359
        },
        "has_the_recipe": {
          "igt": 95333,
          "rta": 95359
        }
      },
      "igt": 95333,
      "rta": 95380
    },
    "minecraft:recipes/decorations/end_stone_brick_wall_from_end_stone_brick_stonecutting": {
      "complete": true,
      "is_advancement": false,
      "criteria": {
        "has_end_stone_brick": {
          "igt": 95333,
          "rta": 95358
        },
        "has_the_recipe": {
          "igt": 95333,
          "rta": 95358
        }
      },
      "igt": 95333,
      "rta": 95380
    },
    "minecraft:recipes/building_blocks/end_stone_brick_slab_from_end_stone_brick_stonecutting": {
      "complete": true,
      "is_advancement": false,
      "criteria": {
        "has_end_stone_brick": {
          "igt": 95333,
          "rta": 95359
        },
        "has_the_recipe": {
          "igt": 95333,
          "rta": 95359
        }
      },
      "igt": 95333,
      "rta": 95380
    },
    "minecraft:recipes/building_blocks/end_stone_brick_stairs_from_end_stone_brick_stonecutting": {
      "complete": true,
      "is_advancement": false,
      "criteria": {
        "has_end_stone_brick": {
          "igt": 95333,
          "rta": 95358
        },
        "has_the_recipe": {
          "igt": 95333,
          "rta": 95358
        }
      },
      "igt": 95333,
      "rta": 95380
    },
    "minecraft:recipes/decorations/end_stone_brick_wall": {
      "complete": true,
      "is_advancement": false,
      "criteria": {
        "has_end_stone_bricks": {
          "igt": 95333,
          "rta": 95359
        },
        "has_the_recipe": {
          "igt": 95333,
          "rta": 95359
        }
      },
      "igt": 95333,
      "rta": 95380
    },
    "minecraft:recipes/building_blocks/blackstone_slab_from_blackstone_stonecutting": {
      "complete": true,
      "is_advancement": false,
      "criteria": {
        "has_blackstone": {
          "igt": 127883,
          "rta": 129901
        },
        "has_the_recipe": {
          "igt": 127883,
          "rta": 129901
        }
      },
      "igt": 127883,
      "rta": 129929
    },
    "minecraft:recipes/tools/stone_shovel": {
      "complete": true,
      "is_advancement": false,
      "criteria": {
        "has_cobblestone": {
          "igt": 127883,
          "rta": 129902
        },
        "has_the_recipe": {
          "igt": 127883,
          "rta": 129902
        }
      },
      "igt": 127883,
      "rta": 129929
    },
    "minecraft:story/mine_stone": {
      "complete": true,
      "is_advancement": true,
      "criteria": {
        "get_stone": {
          "igt": 127883,
          "rta": 129903
        }
      },
      "igt": 127883,
      "rta": 129929
    },
    "minecraft:recipes/building_blocks/polished_blackstone_brick_slab_from_blackstone_stonecutting": {
      "complete": true,
      "is_advancement": false,
      "criteria": {
        "has_blackstone": {
          "igt": 127883,
          "rta": 129902
        },
        "has_the_recipe": {
          "igt": 127883,
          "rta": 129902
        }
      },
      "igt": 127883,
      "rta": 129929
    },
    "minecraft:recipes/tools/stone_hoe": {
      "complete": true,
      "is_advancement": false,
      "criteria": {
        "has_cobblestone": {
          "igt": 127833,
          "rta": 129901
        },
        "has_the_recipe": {
          "igt": 127833,
          "rta": 129901
        }
      },
      "igt": 127883,
      "rta": 129929
    },
    "minecraft:recipes/decorations/polished_blackstone_wall_from_blackstone_stonecutting": {
      "complete": true,
      "is_advancement": false,
      "criteria": {
        "has_blackstone": {
          "igt": 127883,
          "rta": 129902
        },
        "has_the_recipe": {
          "igt": 127883,
          "rta": 129902
        }
      },
      "igt": 127883,
      "rta": 129929
    },
    "minecraft:recipes/building_blocks/polished_blackstone_bricks_from_blackstone_stonecutting": {
      "complete": true,
      "is_advancement": false,
      "criteria": {
        "has_blackstone": {
          "igt": 127833,
          "rta": 129901
        },
        "has_the_recipe": {
          "igt": 127833,
          "rta": 129901
        }
      },
      "igt": 127883,
      "rta": 129933
    },
    "minecraft:recipes/building_blocks/polished_blackstone_brick_stairs_from_blackstone_stonecutting": {
      "complete": true,
      "is_advancement": false,
      "criteria": {
        "has_blackstone": {
          "igt": 127883,
          "rta": 129902
        },
        "has_the_recipe": {
          "igt": 127883,
          "rta": 129902
        }
      },
      "igt": 127883,
      "rta": 129933
    },
    "minecraft:recipes/building_blocks/polished_blackstone_slab_from_blackstone_stonecutting": {
      "complete": true,
      "is_advancement": false,
      "criteria": {
        "has_blackstone": {
          "igt": 127883,
          "rta": 129904
        },
        "has_the_recipe": {
          "igt": 127883,
          "rta": 129904
        }
      },
      "igt": 127883,
      "rta": 129933
    },
    "minecraft:recipes/decorations/furnace": {
      "complete": true,
      "is_advancement": false,
      "criteria": {
        "has_cobblestone": {
          "igt": 127883,
          "rta": 129901
        },
        "has_the_recipe": {
          "igt": 127883,
          "rta": 129901
        }
      },
      "igt": 127883,
      "rta": 129933
    },
    "minecraft:recipes/building_blocks/blackstone_stairs_from_blackstone_stonecutting": {
      "complete": true,
      "is_advancement": false,
      "criteria": {
        "has_blackstone": {
          "igt": 127883,
          "rta": 129903
        },
        "has_the_recipe": {
          "igt": 127883,
          "rta": 129903
        }
      },
      "igt": 127883,
      "rta": 129933
    },
    "minecraft:recipes/tools/stone_pickaxe": {
      "complete": true,
      "is_advancement": false,
      "criteria": {
        "has_cobblestone": {
          "igt": 127883,
          "rta": 129902
        },
        "has_the_recipe": {
          "igt": 127883,
          "rta": 129902
        }
      },
      "igt": 127883,
      "rta": 129933
    },
    "minecraft:recipes/decorations/blackstone_wall": {
      "complete": true,
      "is_advancement": false,
      "criteria": {
        "has_blackstone": {
          "igt": 127883,
          "rta": 129904
        },
        "has_the_recipe": {
          "igt": 127883,
          "rta": 129904
        }
      },
      "igt": 127883,
      "rta": 129933
    },
    "minecraft:recipes/decorations/polished_blackstone_brick_wall_from_blackstone_stonecutting": {
      "complete": true,
      "is_advancement": false,
      "criteria": {
        "has_blackstone": {
          "igt": 127883,
          "rta": 129902
        },
        "has_the_recipe": {
          "igt": 127883,
          "rta": 129902
        }
      },
      "igt": 127883,
      "rta": 129933
    },
    "minecraft:recipes/building_blocks/polished_blackstone_stairs_from_blackstone_stonecutting": {
      "complete": true,
      "is_advancement": false,
      "criteria": {
        "has_blackstone": {
          "igt": 127833,
          "rta": 129901
        },
        "has_the_recipe": {
          "igt": 127833,
          "rta": 129901
        }
      },
      "igt": 127883,
      "rta": 129933
    },
    "minecraft:recipes/combat/stone_sword": {
      "complete": true,
      "is_advancement": false,
      "criteria": {
        "has_cobblestone": {
          "igt": 127883,
          "rta": 129901
        },
        "has_the_recipe": {
          "igt": 127883,
          "rta": 129902
        }
      },
      "igt": 127883,
      "rta": 129933
    },
    "minecraft:recipes/decorations/blackstone_wall_from_blackstone_stonecutting": {
      "complete": true,
      "is_advancement": false,
      "criteria": {
        "has_blackstone": {
          "igt": 127833,
          "rta": 129901
        },
        "has_the_recipe": {
          "igt": 127833,
          "rta": 129901
        }
      },
      "igt": 127883,
      "rta": 129933
    },
    "minecraft:recipes/tools/stone_axe": {
      "complete": true,
      "is_advancement": false,
      "criteria": {
        "has_cobblestone": {
          "igt": 127883,
          "rta": 129903
        },
        "has_the_recipe": {
          "igt": 127883,
          "rta": 129903
        }
      },
      "igt": 127883,
      "rta": 129933
    },
    "minecraft:recipes/building_blocks/blackstone_slab": {
      "complete": true,
      "is_advancement": false,
      "criteria": {
        "has_blackstone": {
          "igt": 127883,
          "rta": 129902
        },
        "has_the_recipe": {
          "igt": 127883,
          "rta": 129902
        }
      },
      "igt": 127883,
      "rta": 129933
    },
    "minecraft:recipes/building_blocks/chiseled_polished_blackstone_from_blackstone_stonecutting": {
      "complete": true,
      "is_advancement": false,
      "criteria": {
        "has_blackstone": {
          "igt": 127833,
          "rta": 129900
        },
        "has_the_recipe": {
          "igt": 127833,
          "rta": 129900
        }
      },
      "igt": 127883,
      "rta": 129933
    },
    "minecraft:recipes/building_blocks/polished_blackstone_from_blackstone_stonecutting": {
      "complete": true,
      "is_advancement": false,
      "criteria": {
        "has_blackstone": {
          "igt": 127883,
          "rta": 129903
        },
        "has_the_recipe": {
          "igt": 127883,
          "rta": 129903
        }
      },
      "igt": 127883,
      "rta": 129933
    },
    "minecraft:recipes/building_blocks/polished_blackstone": {
      "complete": true,
      "is_advancement": false,
      "criteria": {
        "has_blackstone": {
          "igt": 127883,
          "rta": 129903
        },
        "has_the_recipe": {
          "igt": 127883,
          "rta": 129903
        }
      },
      "igt": 127883,
      "rta": 129933
    },
    "minecraft:recipes/building_blocks/blackstone_stairs": {
      "complete": true,
      "is_advancement": false,
      "criteria": {
        "has_blackstone": {
          "igt": 127883,
          "rta": 129903
        },
        "has_the_recipe": {
          "igt": 127883,
          "rta": 129903
        }
      },
      "igt": 127883,
      "rta": 129933
    },
    "minecraft:recipes/building_blocks/polished_blackstone_brick_stairs_from_polished_blackstone_bricks_stonecutting": {
      "complete": true,
      "is_advancement": false,
      "criteria": {
        "has_polished_blackstone_bricks": {
          "igt": 1162833,
          "rta": 1164864
        },
        "has_the_recipe": {
          "igt": 1162833,
          "rta": 1164864
        }
      },
      "igt": 1162833,
      "rta": 1164881
    },
    "minecraft:recipes/decorations/polished_blackstone_brick_wall": {
      "complete": true,
      "is_advancement": false,
      "criteria": {
        "has_polished_blackstone_bricks": {
          "igt": 1162833,
          "rta": 1164864
        },
        "has_the_recipe": {
          "igt": 1162833,
          "rta": 1164864
        }
      },
      "igt": 1162833,
      "rta": 1164881
    },
    "minecraft:recipes/building_blocks/polished_blackstone_brick_slab_from_polished_blackstone_bricks_stonecutting": {
      "complete": true,
      "is_advancement": false,
      "criteria": {
        "has_polished_blackstone_bricks": {
          "igt": 1162833,
          "rta": 1164863
        },
        "has_the_recipe": {
          "igt": 1162833,
          "rta": 1164863
        }
      },
      "igt": 1162833,
      "rta": 1164881
    },
    "minecraft:recipes/building_blocks/cracked_polished_blackstone_bricks": {
      "complete": true,
      "is_advancement": false,
      "criteria": {
        "has_blackstone_bricks": {
          "igt": 1162833,
          "rta": 1164864
        },
        "has_the_recipe": {
          "igt": 1162833,
          "rta": 1164864
        }
      },
      "igt": 1162833,
      "rta": 1164881
    },
    "minecraft:recipes/building_blocks/polished_blackstone_brick_slab": {
      "complete": true,
      "is_advancement": false,
      "criteria": {
        "has_polished_blackstone_bricks": {
          "igt": 1162833,
          "rta": 1164865
        },
        "has_the_recipe": {
          "igt": 1162833,
          "rta": 1164865
        }
      },
      "igt": 1162833,
      "rta": 1164881
    },
    "minecraft:recipes/building_blocks/polished_blackstone_brick_stairs": {
      "complete": true,
      "is_advancement": false,
      "criteria": {
        "has_polished_blackstone_bricks": {
          "igt": 1162833,
          "rta": 1164864
        },
        "has_the_recipe": {
          "igt": 1162833,
          "rta": 1164864
        }
      },
      "igt": 1162833,
      "rta": 1164881
    },
    "minecraft:recipes/decorations/polished_blackstone_brick_wall_from_polished_blackstone_bricks_stonecutting": {
      "complete": true,
      "is_advancement": false,
      "criteria": {
        "has_polished_blackstone_bricks": {
          "igt": 1162833,
          "rta": 1164865
        },
        "has_the_recipe": {
          "igt": 1162833,
          "rta": 1164865
        }
      },
      "igt": 1162833,
      "rta": 1164881
    },
    "minecraft:recipes/building_blocks/stone_brick_stairs": {
      "complete": true,
      "is_advancement": false,
      "criteria": {
        "has_stone_bricks": {
          "igt": 1253833,
          "rta": 1255884
        },
        "has_the_recipe": {
          "igt": 1253833,
          "rta": 1255884
        }
      },
      "igt": 1253883,
      "rta": 1255929
    },
    "minecraft:recipes/building_blocks/blue_stained_glass": {
      "complete": true,
      "is_advancement": false,
      "criteria": {
        "has_glass": {
          "igt": 1253833,
          "rta": 1255881
        },
        "has_the_recipe": {
          "igt": 1253833,
          "rta": 1255881
        }
      },
      "igt": 1253883,
      "rta": 1255929
    },
    "minecraft:recipes/building_blocks/lime_stained_glass": {
      "complete": true,
      "is_advancement": false,
      "criteria": {
        "has_glass": {
          "igt": 1253833,
          "rta": 1255881
        },
        "has_the_recipe": {
          "igt": 1253833,
          "rta": 1255881
        }
      },
      "igt": 1253883,
      "rta": 1255929
    },
    "minecraft:recipes/building_blocks/pink_stained_glass": {
      "complete": true,
      "is_advancement": false,
      "criteria": {
        "has_glass": {
          "igt": 1253833,
          "rta": 1255883
        },
        "has_the_recipe": {
          "igt": 1253833,
          "rta": 1255883
        }
      },
      "igt": 1253883,
      "rta": 1255929
    },
    "minecraft:recipes/building_blocks/yellow_stained_glass": {
      "complete": true,
      "is_advancement": false,
      "criteria": {
        "has_glass": {
          "igt": 1253833,
          "rta": 1255881
        },
        "has_the_recipe": {
          "igt": 1253833,
          "rta": 1255881
        }
      },
      "igt": 1253883,
      "rta": 1255929
    },
    "minecraft:recipes/building_blocks/black_stained_glass": {
      "complete": true,
      "is_advancement": false,
      "criteria": {
        "has_glass": {
          "igt": 1253833,
          "rta": 1255880
        },
        "has_the_recipe": {
          "igt": 1253833,
          "rta": 1255880
        }
      },
      "igt": 1253883,
      "rta": 1255929
    },
    "minecraft:recipes/decorations/glass_pane": {
      "complete": true,
      "is_advancement": false,
      "criteria": {
        "has_glass": {
          "igt": 1253833,
          "rta": 1255880
        },
        "has_the_recipe": {
          "igt": 1253833,
          "rta": 1255880
        }
      },
      "igt": 1253883,
      "rta": 1255929
    },
    "minecraft:recipes/building_blocks/chiseled_stone_bricks": {
      "complete": true,
      "is_advancement": false,
      "criteria": {
        "has_stone_bricks": {
          "igt": 1253833,
          "rta": 1255884
        },
        "has_the_recipe": {
          "igt": 1253833,
          "rta": 1255884
        }
      },
      "igt": 1253883,
      "rta": 1255929
    },
    "minecraft:recipes/building_blocks/light_gray_stained_glass": {
      "complete": true,
      "is_advancement": false,
      "criteria": {
        "has_glass": {
          "igt": 1253833,
          "rta": 1255880
        },
        "has_the_recipe": {
          "igt": 1253833,
          "rta": 1255880
        }
      },
      "igt": 1253883,
      "rta": 1255929
    },
    "minecraft:recipes/building_blocks/orange_stained_glass": {
      "complete": true,
      "is_advancement": false,
      "criteria": {
        "has_glass": {
          "igt": 1253833,
          "rta": 1255880
        },
        "has_the_recipe": {
          "igt": 1253833,
          "rta": 1255880
        }
      },
      "igt": 1253883,
      "rta": 1255929
    },
    "minecraft:recipes/building_blocks/red_stained_glass": {
      "complete": true,
      "is_advancement": false,
      "criteria": {
        "has_glass": {
          "igt": 1253833,
          "rta": 1255880
        },
        "has_the_recipe": {
          "igt": 1253833,
          "rta": 1255880
        }
      },
      "igt": 1253883,
      "rta": 1255929
    },
    "minecraft:recipes/building_blocks/white_stained_glass": {
      "complete": true,
      "is_advancement": false,
      "criteria": {
        "has_glass": {
          "igt": 1253833,
          "rta": 1255879
        },
        "has_the_recipe": {
          "igt": 1253833,
          "rta": 1255879
        }
      },
      "igt": 1253883,
      "rta": 1255929
    },
    "minecraft:recipes/building_blocks/green_stained_glass": {
      "complete": true,
      "is_advancement": false,
      "criteria": {
        "has_glass": {
          "igt": 1253833,
          "rta": 1255884
        },
        "has_the_recipe": {
          "igt": 1253833,
          "rta": 1255884
        }
      },
      "igt": 1253883,
      "rta": 1255929
    },
    "minecraft:recipes/building_blocks/light_blue_stained_glass": {
      "complete": true,
      "is_advancement": false,
      "criteria": {
        "has_glass": {
          "igt": 1253833,
          "rta": 1255882
        },
        "has_the_recipe": {
          "igt": 1253833,
          "rta": 1255882
        }
      },
      "igt": 1253883,
      "rta": 1255929
    },
    "minecraft:recipes/building_blocks/cyan_stained_glass": {
      "complete": true,
      "is_advancement": false,
      "criteria": {
        "has_glass": {
          "igt": 1253833,
          "rta": 1255881
        },
        "has_the_recipe": {
          "igt": 1253833,
          "rta": 1255881
        }
      },
      "igt": 1253883,
      "rta": 1255929
    },
    "minecraft:recipes/misc/diamond": {
      "complete": true,
      "is_advancement": false,
      "criteria": {
        "has_diamond_block": {
          "igt": 1253833,
          "rta": 1255879
        },
        "has_the_recipe": {
          "igt": 1253833,
          "rta": 1255879
        }
      },
      "igt": 1253883,
      "rta": 1255929
    },
    "minecraft:recipes/building_blocks/stone_brick_slab": {
      "complete": true,
      "is_advancement": false,
      "criteria": {
        "has_stone_bricks": {
          "igt": 1253833,
          "rta": 1255884
        },
        "has_the_recipe": {
          "igt": 1253833,
          "rta": 1255884
        }
      },
      "igt": 1253883,
      "rta": 1255929
    },
    "minecraft:recipes/building_blocks/gray_stained_glass": {
      "complete": true,
      "is_advancement": false,
      "criteria": {
        "has_glass": {
          "igt": 1253833,
          "rta": 1255883
        },
        "has_the_recipe": {
          "igt": 1253833,
          "rta": 1255883
        }
      },
      "igt": 1253883,
      "rta": 1255929
    },
    "minecraft:recipes/building_blocks/magenta_stained_glass": {
      "complete": true,
      "is_advancement": false,
      "criteria": {
        "has_glass": {
          "igt": 1253833,
          "rta": 1255883
        },
        "has_the_recipe": {
          "igt": 1253833,
          "rta": 1255883
        }
      },
      "igt": 1253883,
      "rta": 1255929
    },
    "minecraft:recipes/misc/gold_ingot_from_gold_block": {
      "complete": true,
      "is_advancement": false,
      "criteria": {
        "has_gold_block": {
          "igt": 1253833,
          "rta": 1255879
        },
        "has_the_recipe": {
          "igt": 1253833,
          "rta": 1255879
        }
      },
      "igt": 1253883,
      "rta": 1255929
    },
    "minecraft:recipes/building_blocks/purple_stained_glass": {
      "complete": true,
      "is_advancement": false,
      "criteria": {
        "has_glass": {
          "igt": 1253833,
          "rta": 1255880
        },
        "has_the_recipe": {
          "igt": 1253833,
          "rta": 1255880
        }
      },
      "igt": 1253883,
      "rta": 1255929
    },
    "minecraft:recipes/brewing/glass_bottle": {
      "complete": true,
      "is_advancement": false,
      "criteria": {
        "has_glass": {
          "igt": 1253833,
          "rta": 1255881
        },
        "has_the_recipe": {
          "igt": 1253833,
          "rta": 1255881
        }
      },
      "igt": 1253883,
      "rta": 1255929
    },
    "minecraft:recipes/building_blocks/brown_stained_glass": {
      "complete": true,
      "is_advancement": false,
      "criteria": {
        "has_glass": {
          "igt": 1253833,
          "rta": 1255882
        },
        "has_the_recipe": {
          "igt": 1253833,
          "rta": 1255882
        }
      },
      "igt": 1253883,
      "rta": 1255929
    },
    "minecraft:recipes/decorations/chest": {
      "complete": true,
      "is_advancement": false,
      "criteria": {
        "has_lots_of_items": {
          "igt": 1253833,
          "rta": 1255881
        },
        "has_the_recipe": {
          "igt": 1253833,
          "rta": 1255881
        }
      },
      "igt": 1253883,
      "rta": 1255929
    },
    "minecraft:recipes/transportation/warped_fungus_on_a_stick": {
      "complete": true,
      "is_advancement": false,
      "criteria": {
        "has_the_recipe": {
          "igt": 1527033,
          "rta": 1533444
        },
        "has_warped_fungus": {
          "igt": 1527033,
          "rta": 1533444
        }
      },
      "igt": 1527033,
      "rta": 1533487
    },
    "minecraft:recipes/misc/bowl": {
      "complete": true,
      "is_advancement": false,
      "criteria": {
        "has_brown_mushroom": {
          "igt": 1529283,
          "rta": 1535711
        },
        "has_mushroom_stew": {
          "igt": 1529283,
          "rta": 1535711
        },
        "has_red_mushroom": {
          "igt": 1529283,
          "rta": 1535711
        },
        "has_the_recipe": {
          "igt": 1529283,
          "rta": 1535711
        }
      },
      "igt": 1529283,
      "rta": 1535729
    },
    "minecraft:recipes/food/mushroom_stew": {
      "complete": true,
      "is_advancement": false,
      "criteria": {
        "has_bowl": {
          "igt": 1529283,
          "rta": 1535711
        },
        "has_brown_mushroom": {
          "igt": 1529283,
          "rta": 1535711
        },
        "has_mushroom_stew": {
          "igt": 1529283,
          "rta": 1535711
        },
        "has_red_mushroom": {
          "igt": 1529283,
          "rta": 1535711
        },
        "has_the_recipe": {
          "igt": 1529283,
          "rta": 1535711
        }
      },
      "igt": 1529283,
      "rta": 1535729
    },
    "minecraft:recipes/misc/iron_nugget_from_blasting": {
      "complete": true,
      "is_advancement": false,
      "criteria": {
        "has_chainmail_boots": {
          "igt": 1626730,
          "rta": 1643599
        },
        "has_chainmail_chestplate": {
          "igt": 1626730,
          "rta": 1643599
        },
        "has_chainmail_helmet": {
          "igt": 1626730,
          "rta": 1643599
        },
        "has_chainmail_leggings": {
          "igt": 1626730,
          "rta": 1643599
        },
        "has_iron_axe": {
          "igt": 1626730,
          "rta": 1643599
        },
        "has_iron_boots": {
          "igt": 1626730,
          "rta": 1643599
        },
        "has_iron_chestplate": {
          "igt": 1626730,
          "rta": 1643599
        },
        "has_iron_helmet": {
          "igt": 1626730,
          "rta": 1643599
        },
        "has_iron_hoe": {
          "igt": 1626730,
          "rta": 1643599
        },
        "has_iron_horse_armor": {
          "igt": 1626730,
          "rta": 1643599
        },
        "has_iron_leggings": {
          "igt": 1626730,
          "rta": 1643599
        },
        "has_iron_pickaxe": {
          "igt": 1626730,
          "rta": 1643599
        },
        "has_iron_shovel": {
          "igt": 1626730,
          "rta": 1643599
        },
        "has_iron_sword": {
          "igt": 1626730,
          "rta": 1643599
        },
        "has_the_recipe": {
          "igt": 1626730,
          "rta": 1643599
        }
      },
      "igt": 1626730,
      "rta": 1643615
    },
    "minecraft:recipes/misc/iron_nugget_from_smelting": {
      "complete": true,
      "is_advancement": false,
      "criteria": {
        "has_chainmail_boots": {
          "igt": 1626730,
          "rta": 1643599
        },
        "has_chainmail_chestplate": {
          "igt": 1626730,
          "rta": 1643599
        },
        "has_chainmail_helmet": {
          "igt": 1626730,
          "rta": 1643599
        },
        "has_chainmail_leggings": {
          "igt": 1626730,
          "rta": 1643599
        },
        "has_iron_axe": {
          "igt": 1626730,
          "rta": 1643599
        },
        "has_iron_boots": {
          "igt": 1626730,
          "rta": 1643599
        },
        "has_iron_chestplate": {
          "igt": 1626730,
          "rta": 1643599
        },
        "has_iron_helmet": {
          "igt": 1626730,
          "rta": 1643599
        },
        "has_iron_hoe": {
          "igt": 1626730,
          "rta": 1643599
        },
        "has_iron_horse_armor": {
          "igt": 1626730,
          "rta": 1643599
        },
        "has_iron_leggings": {
          "igt": 1626730,
          "rta": 1643599
        },
        "has_iron_pickaxe": {
          "igt": 1626730,
          "rta": 1643599
        },
        "has_iron_shovel": {
          "igt": 1626730,
          "rta": 1643599
        },
        "has_iron_sword": {
          "igt": 1626730,
          "rta": 1643599
        },
        "has_the_recipe": {
          "igt": 1626730,
          "rta": 1643599
        }
      },
      "igt": 1626730,
      "rta": 1643615
    },
    "minecraft:recipes/redstone/acacia_pressure_plate": {
      "complete": true,
      "is_advancement": false,
      "criteria": {
        "has_planks": {
          "igt": 1637430,
          "rta": 1656058
        },
        "has_the_recipe": {
          "igt": 1637430,
          "rta": 1656058
        }
      },
      "igt": 1637480,
      "rta": 1656112
    },
    "minecraft:recipes/decorations/acacia_fence": {
      "complete": true,
      "is_advancement": false,
      "criteria": {
        "has_planks": {
          "igt": 1637430,
          "rta": 1656057
        },
        "has_the_recipe": {
          "igt": 1637430,
          "rta": 1656057
        }
      },
      "igt": 1637480,
      "rta": 1656112
    },
    "minecraft:recipes/decorations/crafting_table": {
      "complete": true,
      "is_advancement": false,
      "criteria": {
        "has_planks": {
          "igt": 1637430,
          "rta": 1656057
        },
        "has_the_recipe": {
          "igt": 1637430,
          "rta": 1656057
        }
      },
      "igt": 1637480,
      "rta": 1656112
    },
    "minecraft:recipes/building_blocks/acacia_slab": {
      "complete": true,
      "is_advancement": false,
      "criteria": {
        "has_planks": {
          "igt": 1637430,
          "rta": 1656058
        },
        "has_the_recipe": {
          "igt": 1637430,
          "rta": 1656058
        }
      },
      "igt": 1637480,
      "rta": 1656112
    },
    "minecraft:recipes/misc/stick": {
      "complete": true,
      "is_advancement": false,
      "criteria": {
        "has_planks": {
          "igt": 1637430,
          "rta": 1656058
        },
        "has_the_recipe": {
          "igt": 1637430,
          "rta": 1656058
        }
      },
      "igt": 1637480,
      "rta": 1656112
    },
    "minecraft:recipes/redstone/acacia_door": {
      "complete": true,
      "is_advancement": false,
      "criteria": {
        "has_planks": {
          "igt": 1637430,
          "rta": 1656058
        },
        "has_the_recipe": {
          "igt": 1637430,
          "rta": 1656058
        }
      },
      "igt": 1637480,
      "rta": 1656112
    },
    "minecraft:recipes/decorations/barrel": {
      "complete": true,
      "is_advancement": false,
      "criteria": {
        "has_planks": {
          "igt": 1637430,
          "rta": 1656057
        },
        "has_the_recipe": {
          "igt": 1637430,
          "rta": 1656057
        },
        "has_wood_slab": {
          "igt": 1637430,
          "rta": 1656057
        }
      },
      "igt": 1637480,
      "rta": 1656112
    },
    "minecraft:recipes/redstone/acacia_trapdoor": {
      "complete": true,
      "is_advancement": false,
      "criteria": {
        "has_planks": {
          "igt": 1637430,
          "rta": 1656058
        },
        "has_the_recipe": {
          "igt": 1637430,
          "rta": 1656058
        }
      },
      "igt": 1637480,
      "rta": 1656112
    },
    "minecraft:recipes/building_blocks/acacia_stairs": {
      "complete": true,
      "is_advancement": false,
      "criteria": {
        "has_planks": {
          "igt": 1637430,
          "rta": 1656058
        },
        "has_the_recipe": {
          "igt": 1637430,
          "rta": 1656058
        }
      },
      "igt": 1637480,
      "rta": 1656112
    },
    "minecraft:recipes/decorations/acacia_sign": {
      "complete": true,
      "is_advancement": false,
      "criteria": {
        "has_acacia_planks": {
          "igt": 1637430,
          "rta": 1656057
        },
        "has_the_recipe": {
          "igt": 1637430,
          "rta": 1656057
        }
      },
      "igt": 1637480,
      "rta": 1656112
    },
    "minecraft:recipes/redstone/acacia_button": {
      "complete": true,
      "is_advancement": false,
      "criteria": {
        "has_planks": {
          "igt": 1637430,
          "rta": 1656056
        },
        "has_the_recipe": {
          "igt": 1637430,
          "rta": 1656056
        }
      },
      "igt": 1637480,
      "rta": 1656112
    },
    "minecraft:recipes/redstone/acacia_fence_gate": {
      "complete": true,
      "is_advancement": false,
      "criteria": {
        "has_planks": {
          "igt": 1637430,
          "rta": 1656057
        },
        "has_the_recipe": {
          "igt": 1637430,
          "rta": 1656057
        }
      },
      "igt": 1637480,
      "rta": 1656112
    },
    "minecraft:recipes/tools/wooden_hoe": {
      "complete": true,
      "is_advancement": false,
      "criteria": {
        "has_stick": {
          "igt": 1643030,
          "rta": 1661657
        },
        "has_the_recipe": {
          "igt": 1643030,
          "rta": 1661657
        }
      },
      "igt": 1643080,
      "rta": 1661708
    },
    "minecraft:recipes/decorations/ladder": {
      "complete": true,
      "is_advancement": false,
      "criteria": {
        "has_stick": {
          "igt": 1643030,
          "rta": 1661659
        },
        "has_the_recipe": {
          "igt": 1643030,
          "rta": 1661659
        }
      },
      "igt": 1643080,
      "rta": 1661708
    },
    "minecraft:recipes/combat/wooden_sword": {
      "complete": true,
      "is_advancement": false,
      "criteria": {
        "has_stick": {
          "igt": 1643030,
          "rta": 1661656
        },
        "has_the_recipe": {
          "igt": 1643030,
          "rta": 1661656
        }
      },
      "igt": 1643080,
      "rta": 1661708
    },
    "minecraft:recipes/decorations/soul_campfire": {
      "complete": true,
      "is_advancement": false,
      "criteria": {
        "has_soul_sand": {
          "igt": 1643030,
          "rta": 1661658
        },
        "has_stick": {
          "igt": 1643030,
          "rta": 1661658
        },
        "has_the_recipe": {
          "igt": 1643030,
          "rta": 1661658
        }
      },
      "igt": 1643080,
      "rta": 1661708
    },
    "minecraft:recipes/tools/wooden_shovel": {
      "complete": true,
      "is_advancement": false,
      "criteria": {
        "has_stick": {
          "igt": 1643030,
          "rta": 1661657
        },
        "has_the_recipe": {
          "igt": 1643030,
          "rta": 1661657
        }
      },
      "igt": 1643080,
      "rta": 1661708
    },
    "minecraft:recipes/combat/crossbow": {
      "complete": true,
      "is_advancement": false,
      "criteria": {
        "has_iron_ingot": {
          "igt": 1643030,
          "rta": 1661658
        },
        "has_stick": {
          "igt": 1643030,
          "rta": 1661658
        },
        "has_string": {
          "igt": 1643030,
          "rta": 1661658
        },
        "has_the_recipe": {
          "igt": 1643030,
          "rta": 1661658
        },
        "has_tripwire_hook": {
          "igt": 1643030,
          "rta": 1661658
        }
      },
      "igt": 1643080,
      "rta": 1661708
    },
    "minecraft:recipes/tools/wooden_pickaxe": {
      "complete": true,
      "is_advancement": false,
      "criteria": {
        "has_stick": {
          "igt": 1643030,
          "rta": 1661657
        },
        "has_the_recipe": {
          "igt": 1643030,
          "rta": 1661657
        }
      },
      "igt": 1643080,
      "rta": 1661708
    },
    "minecraft:recipes/decorations/campfire": {
      "complete": true,
      "is_advancement": false,
      "criteria": {
        "has_coal": {
          "igt": 1643030,
          "rta": 1661658
        },
        "has_stick": {
          "igt": 1643030,
          "rta": 1661658
        },
        "has_the_recipe": {
          "igt": 1643030,
          "rta": 1661658
        }
      },
      "igt": 1643080,
      "rta": 1661708
    },
    "minecraft:recipes/tools/wooden_axe": {
      "complete": true,
      "is_advancement": false,
      "criteria": {
        "has_stick": {
          "igt": 1643030,
          "rta": 1661659
        },
        "has_the_recipe": {
          "igt": 1643030,
          "rta": 1661659
        }
      },
      "igt": 1643080,
      "rta": 1661708
    },
    "minecraft:recipes/building_blocks/bone_block": {
      "complete": true,
      "is_advancement": false,
      "criteria": {
        "has_bonemeal": {
          "igt": 3232943,
          "rta": 4898223
        },
        "has_the_recipe": {
          "igt": 3232943,
          "rta": 4898223
        }
      },
      "igt": 3232943,
      "rta": 4898228
    },
    "minecraft:recipes/misc/white_dye": {
      "complete": true,
      "is_advancement": false,
      "criteria": {
        "has_bone_meal": {
          "igt": 3232943,
          "rta": 4898224
        },
        "has_the_recipe": {
          "igt": 3232943,
          "rta": 4898224
        }
      },
      "igt": 3232943,
      "rta": 4898228
    },
    "minecraft:recipes/misc/magenta_dye_from_purple_and_pink": {
      "complete": true,
      "is_advancement": false,
      "criteria": {
        "has_pink_dye": {
          "igt": 3233943,
          "rta": 4899175
        },
        "has_purple_dye": {
          "igt": 3233943,
          "rta": 4899175
        },
        "has_the_recipe": {
          "igt": 3233943,
          "rta": 4899175
        }
      },
      "igt": 3233943,
      "rta": 4899223
    },
    "minecraft:recipes/decorations/pink_carpet_from_white_carpet": {
      "complete": true,
      "is_advancement": false,
      "criteria": {
        "has_pink_dye": {
          "igt": 3233943,
          "rta": 4899176
        },
        "has_the_recipe": {
          "igt": 3233943,
          "rta": 4899176
        },
        "has_white_carpet": {
          "igt": 3233943,
          "rta": 4899176
        }
      },
      "igt": 3233943,
      "rta": 4899223
    },
    "minecraft:recipes/misc/magenta_dye_from_blue_red_pink": {
      "complete": true,
      "is_advancement": false,
      "criteria": {
        "has_blue_dye": {
          "igt": 3233943,
          "rta": 4899173
        },
        "has_pink_dye": {
          "igt": 3233943,
          "rta": 4899173
        },
        "has_red_dye": {
          "igt": 3233943,
          "rta": 4899173
        },
        "has_the_recipe": {
          "igt": 3233943,
          "rta": 4899173
        }
      },
      "igt": 3233943,
      "rta": 4899223
    },
    "minecraft:recipes/decorations/pink_stained_glass_pane_from_glass_pane": {
      "complete": true,
      "is_advancement": false,
      "criteria": {
        "has_glass_pane": {
          "igt": 3233943,
          "rta": 4899176
        },
        "has_pink_dye": {
          "igt": 3233943,
          "rta": 4899176
        },
        "has_the_recipe": {
          "igt": 3233943,
          "rta": 4899176
        }
      },
      "igt": 3233943,
      "rta": 4899223
    },
    "minecraft:recipes/misc/orange_dye_from_red_yellow": {
      "complete": true,
      "is_advancement": false,
      "criteria": {
        "has_red_dye": {
          "igt": 3236343,
          "rta": 4901582
        },
        "has_the_recipe": {
          "igt": 3236343,
          "rta": 4901582
        },
        "has_yellow_dye": {
          "igt": 3236343,
          "rta": 4901582
        }
      },
      "igt": 3236393,
      "rta": 4901630
    },
    "minecraft:recipes/decorations/yellow_carpet_from_white_carpet": {
      "complete": true,
      "is_advancement": false,
      "criteria": {
        "has_the_recipe": {
          "igt": 3236343,
          "rta": 4901583
        },
        "has_white_carpet": {
          "igt": 3236343,
          "rta": 4901583
        },
        "has_yellow_dye": {
          "igt": 3236343,
          "rta": 4901583
        }
      },
      "igt": 3236393,
      "rta": 4901630
    },
    "minecraft:recipes/decorations/yellow_stained_glass_pane_from_glass_pane": {
      "complete": true,
      "is_advancement": false,
      "criteria": {
        "has_glass_pane": {
          "igt": 3236343,
          "rta": 4901583
        },
        "has_the_recipe": {
          "igt": 3236343,
          "rta": 4901583
        },
        "has_yellow_dye": {
          "igt": 3236343,
          "rta": 4901583
        }
      },
      "igt": 3236393,
      "rta": 4901630
    },
    "minecraft:recipes/decorations/light_blue_stained_glass_pane_from_glass_pane": {
      "complete": true,
      "is_advancement": false,
      "criteria": {
        "has_glass_pane": {
          "igt": 3243293,
          "rta": 4908558
        },
        "has_light_blue_dye": {
          "igt": 3243293,
          "rta": 4908558
        },
        "has_the_recipe": {
          "igt": 3243293,
          "rta": 4908558
        }
      },
      "igt": 3243293,
      "rta": 4908575
    },
    "minecraft:recipes/decorations/light_blue_carpet_from_white_carpet": {
      "complete": true,
      "is_advancement": false,
      "criteria": {
        "has_light_blue_dye": {
          "igt": 3243293,
          "rta": 4908559
        },
        "has_the_recipe": {
          "igt": 3243293,
          "rta": 4908559
        },
        "has_white_carpet": {
          "igt": 3243293,
          "rta": 4908559
        }
      },
      "igt": 3243293,
      "rta": 4908575
    },
    "minecraft:recipes/decorations/orange_carpet_from_white_carpet": {
      "complete": true,
      "is_advancement": false,
      "criteria": {
        "has_orange_dye": {
          "igt": 3247293,
          "rta": 4912528
        },
        "has_the_recipe": {
          "igt": 3247293,
          "rta": 4912528
        },
        "has_white_carpet": {
          "igt": 3247293,
          "rta": 4912528
        }
      },
      "igt": 3247343,
      "rta": 4912578
    },
    "minecraft:recipes/decorations/orange_stained_glass_pane_from_glass_pane": {
      "complete": true,
      "is_advancement": false,
      "criteria": {
        "has_glass_pane": {
          "igt": 3247293,
          "rta": 4912529
        },
        "has_orange_dye": {
          "igt": 3247293,
          "rta": 4912529
        },
        "has_the_recipe": {
          "igt": 3247293,
          "rta": 4912529
        }
      },
      "igt": 3247343,
      "rta": 4912578
    },
    "minecraft:recipes/misc/pink_dye_from_red_white_dye": {
      "complete": true,
      "is_advancement": false,
      "criteria": {
        "has_red_dye": {
          "igt": 3249843,
          "rta": 4915106
        },
        "has_the_recipe": {
          "igt": 3249843,
          "rta": 4915106
        },
        "has_white_dye": {
          "igt": 3249843,
          "rta": 4915106
        }
      },
      "igt": 3249893,
      "rta": 4915130
    },
    "minecraft:recipes/decorations/red_carpet_from_white_carpet": {
      "complete": true,
      "is_advancement": false,
      "criteria": {
        "has_red_dye": {
          "igt": 3249843,
          "rta": 4915107
        },
        "has_the_recipe": {
          "igt": 3249843,
          "rta": 4915107
        },
        "has_white_carpet": {
          "igt": 3249843,
          "rta": 4915107
        }
      },
      "igt": 3249893,
      "rta": 4915130
    },
    "minecraft:recipes/decorations/red_stained_glass_pane_from_glass_pane": {
      "complete": true,
      "is_advancement": false,
      "criteria": {
        "has_glass_pane": {
          "igt": 3249843,
          "rta": 4915107
        },
        "has_red_dye": {
          "igt": 3249843,
          "rta": 4915107
        },
        "has_the_recipe": {
          "igt": 3249843,
          "rta": 4915107
        }
      },
      "igt": 3249893,
      "rta": 4915130
    },
    "minecraft:recipes/misc/purple_dye": {
      "complete": true,
      "is_advancement": false,
      "criteria": {
        "has_blue_dye": {
          "igt": 3249843,
          "rta": 4915107
        },
        "has_red_dye": {
          "igt": 3249843,
          "rta": 4915107
        },
        "has_the_recipe": {
          "igt": 3249843,
          "rta": 4915108
        }
      },
      "igt": 3249893,
      "rta": 4915130
    },
    "minecraft:recipes/misc/magenta_dye_from_blue_red_white_dye": {
      "complete": true,
      "is_advancement": false,
      "criteria": {
        "has_blue_dye": {
          "igt": 3249843,
          "rta": 4915107
        },
        "has_rose_red": {
          "igt": 3249843,
          "rta": 4915107
        },
        "has_the_recipe": {
          "igt": 3249843,
          "rta": 4915107
        },
        "has_white_dye": {
          "igt": 3249843,
          "rta": 4915107
        }
      },
      "igt": 3249893,
      "rta": 4915130
    },
    "minecraft:recipes/misc/iron_ingot_from_iron_block": {
      "complete": true,
      "is_advancement": false,
      "criteria": {
        "has_iron_block": {
          "igt": 3881148,
          "rta": 6078245
        },
        "has_the_recipe": {
          "igt": 3881148,
          "rta": 6078245
        }
      },
      "igt": 3881198,
      "rta": 6078282
    },
    "minecraft:recipes/decorations/anvil": {
      "complete": true,
      "is_advancement": false,
      "criteria": {
        "has_iron_block": {
          "igt": 3881148,
          "rta": 6078246
        },
        "has_the_recipe": {
          "igt": 3881148,
          "rta": 6078246
        }
      },
      "igt": 3881198,
      "rta": 6078282
    },
    "minecraft:recipes/redstone/redstone": {
      "complete": true,
      "is_advancement": false,
      "criteria": {
        "has_redstone_block": {
          "igt": 3923998,
          "rta": 6210692
        },
        "has_the_recipe": {
          "igt": 3923998,
          "rta": 6210692
        }
      },
      "igt": 3924048,
      "rta": 6210731
    }
  },
  "stats": {
    "8cb5be00-bcaf-44b6-91c2-a667fcd1480b": {
      "stats": {
        "minecraft:picked_up": {
          "minecraft:stick": 296,
          "minecraft:chain_command_block": 2,
          "minecraft:redstone_block": 1,
          "minecraft:chiseled_stone_bricks": 3,
          "minecraft:gold_block": 3,
          "minecraft:polished_blackstone_bricks": 1,
          "minecraft:stone_button": 2,
          "minecraft:acacia_boat": 37,
          "minecraft:diamond_block": 3,
          "minecraft:iron_axe": 2,
          "minecraft:glass": 3,
          "minecraft:command_block": 3,
          "minecraft:acacia_planks": 444,
          "minecraft:acacia_sign": 21
        },
        "minecraft:custom": {
          "minecraft:time_since_rest": 98195,
          "minecraft:sprint_one_cm": 206846,
          "minecraft:damage_taken": 2770,
          "minecraft:walk_one_cm": 213827,
          "minecraft:drop": 4,
          "minecraft:fly_one_cm": 164570,
          "minecraft:crouch_one_cm": 6891,
          "minecraft:play_one_minute": 417514,
          "minecraft:deaths": 3,
          "minecraft:sneak_time": 5366,
          "minecraft:pot_flower": 5,
          "minecraft:boat_one_cm": 31582,
          "minecraft:jump": 1328,
          "minecraft:leave_game": 31,
          "minecraft:time_since_death": 98170,
          "minecraft:fall_one_cm": 31843
        },
        "minecraft:used": {
          "minecraft:chiseled_polished_blackstone": 9,
          "minecraft:acacia_boat": 209,
          "minecraft:glass": 7,
          "minecraft:flower_pot": 6,
          "minecraft:jack_o_lantern": 2,
          "minecraft:end_stone_bricks": 2,
          "minecraft:acacia_sign": 60,
          "minecraft:command_block": 54,
          "minecraft:heavy_weighted_pressure_plate": 3,
          "minecraft:lantern": 3,
          "minecraft:iron_block": 2,
          "minecraft:stone_button": 5,
          "minecraft:blackstone": 205,
          "minecraft:chest": 3,
          "minecraft:redstone_block": 207,
          "minecraft:soul_lantern": 13,
          "minecraft:crimson_sign": 12,
          "minecraft:polished_blackstone_bricks": 360,
          "minecraft:pink_concrete": 19,
          "minecraft:polished_blackstone_pressure_plate": 1,
          "minecraft:diamond_block": 2,
          "minecraft:chain_command_block": 82,
          "minecraft:gold_block": 2,
          "minecraft:repeating_command_block": 17,
          "minecraft:stone_pressure_plate": 8,
          "minecraft:observer": 8
        },
        "minecraft:dropped": {
          "minecraft:acacia_sign": 1,
          "minecraft:acacia_boat": 1,
          "minecraft:stone_button": 1,
          "minecraft:iron_axe": 1
        },
        "minecraft:mined": {
          "minecraft:acacia_wall_sign": 4
        }
      },
      "DataVersion": 2567
    }
  }
}